Indicator type,Indicator,Description
FileHash-SHA256,a3bb6b3872dd7f0812231a480881d4d818d2dea7d2c8baed858b20cb318da981,
FileHash-SHA256,b2600ac9b83e5bb5f3d128dbb337ab1efcdc6ce404adb6678b062e95dbf10c93,
FileHash-SHA256,576d1d98d8669df624219d28abcbb2be0080272fa57bf7a637e2a9a669e37acf,
FileHash-SHA256,0f3cabc7f1e69d4a09856cc0135f7945850c1eb6aeecd010f788b3b8b4d91cad,
FileHash-SHA256,062a8728e7fcf2ff453efc56da60631c738d9cd6853d8701818f18a4e77f8717,
FileHash-SHA256,4dd641df0f47cb7655032113343d53c0e7180d42e3549d08eb7cb83296b22f60,
FileHash-SHA256,6f882cc0cddd03bc123c8544c4b1c8b9267f4143936964a128aa63762e582aad,
FileHash-SHA256,0d3e0c26f7f53dff444a37758b414720286f92da55e33ca0e69edc3c7f040ce2,
FileHash-SHA256,bef9051bb6e85d94c4cfc4e03359b31584be027e87758483e3b1e65d389483e6,
FileHash-SHA256,9d998502c3999c4715c880882efa409c39dd6f7e4d8725c2763a30fbb55414b7,
URL,http://38.132.99.167/crf.txt,
URL,http://82.102.8.101/bcerrxy.php,
URL,http://94.23.148.194/serverScript/clientFrontLine/,
URL,http://82.102.8.101/bcerrxy.php?rCecms=BlackWater,
URL,http://136.243.87.112/Y3zP6ns7kG,
URL,http://136.243.87.112/ll5JH6f4Bh,
URL,http://136.243.87.112/KLs6yUG5Df,
URL,http://94.23.148.194/serverScript/clientFrontLine/helloServer.phphttp://94.23.148.194/serverScript/clientFrontLine/getCommand.php,
IPv4,94.23.148.194,
IPv4,82.102.8.101,
IPv4,38.132.99.167,
IPv4,136.243.87.112,
